{
	"@odata.context": "https://services.odata.org/TripPinRESTierService/(S(id))/$metadata#People(Age,FirstName,LastName,UserName,Friends,BestFriend,HomeAddress)",
	"value": [
		{
			"Age": 23,
			"FirstName": "Angel",
			"LastName": "Huffman",
			"UserName": "angelhuffman",
			"Friends": [
				"georginabarlow",
				"marshallgaray",
				"ursulabright"
			],
			"BestFriend": "clydeguess",
			"HomeAddress": {
				"Address": "187 Suffolk Ln.",
				"City": {
					"Name": "Boise",
					"CountryRegion": "United States",
					"Region": "ID"
				}
			}
		},
		{
			"Age": 44,
			"FirstName": "Clyde",
			"LastName": "Guess",
			"UserName": "clydeguess",
			"Friends": [
				"georginabarlow",
				"marshallgaray",
				"ursulabright"
			],
			"BestFriend": "angelhuffman",
			"HomeAddress": {
				"Address": "2817 Milton Dr.",
				"City": {
					"Name": "Albuquerque",
					"CountryRegion": "United States",
					"Region": "NM"
				}
			}
		},
		{
			"Age": 19,
			"FirstName": "Elaine",
			"LastName": "Stewart",
			"UserName": "elainestewart",
			"Friends": [
				"georginabarlow",
				"marshallgaray",
				"ursulabright"
			],
			"BestFriend": "genevievereeves",
			"HomeAddress": {
				"Address": "308 Negra Arroyo Ln.",
				"City": {
					"Name": "Albuquerque",
					"CountryRegion": "United States",
					"Region": "NM"
				}
			}
		},
		{
			"Age": 37,
			"FirstName": "Genevieve",
			"LastName": "Reeves",
			"UserName": "genevievereeves",
			"Friends": [
				"georginabarlow",
				"marshallgaray",
				"ursulabright"
			],
			"BestFriend": "elainestewart",
			"HomeAddress": {
				"Address": "89 Jefferson Way Suite 2",
				"City": {
					"Name": "Portland",
					"CountryRegion": "United States",
					"Region": "WA"
				}
			}
		},
		{
			"Age": 25,
			"FirstName": "Georgina",
			"LastName": "Barlow",
			"UserName": "georginabarlow",
			"Friends": [
				"marshallgaray",
				"ursulabright"
			],
			"BestFriend": "javieralfred",
			"HomeAddress": {
				"Address": "31 Spooner Street",
				"City": {
					"Name": "Quahog",
					"CountryRegion": "United States",
					"Region": "RI"
				}
			}
		},
		{
			"Age": 19,
			"FirstName": "Javier",
			"LastName": "Alfred",
			"UserName": "javieralfred",
			"Friends": [
				"marshallgaray",
				"ursulabright"
			],
			"BestFriend": "georginabarlow",
			"HomeAddress": {
				"Address": "55 Grizzly Peak Rd.",
				"City": {
					"Name": "Butte",
					"CountryRegion": "United States",
					"Region": "MT"
				}
			}
		},
		{
			"Age": 26,
			"FirstName": "Joni",
			"LastName": "Rosales",
			"UserName": "jonirosales",
			"Friends": [
				"georginabarlow",
				"marshallgaray",
				"ursulabright"
			],
			"BestFriend": "keithpinckney",
			"HomeAddress": {
				"Address": "742 Evergreen Terrace",
				"City": {
					"Name": "Springfield",
					"CountryRegion": "United States",
					"Region": "OR"
				}
			}
		},
		{
			"Age": 41,
			"FirstName": "Keith",
			"LastName": "Pinckney",
			"UserName": "keithpinckney",
			"Friends": [
				"georginabarlow",
				"marshallgaray",
				"ursulabright"
			],
			"BestFriend": "jonirosales",
			"HomeAddress": {
				"Address": "1600 Pennsylvania Avenue NW",
				"City": {
					"Name": "Washington",
					"CountryRegion": "United States",
					"Region": "DC"
				}
			}
		},
		{
			"Age": 30,
			"FirstName": "Krista",
			"LastName": "Kemp",
			"UserName": "kristakemp",
			"Friends": [
				"georginabarlow",
				"marshallgaray",
				"ursulabright"
			],
			"BestFriend": "laurelosborn",
			"HomeAddress": {
				"Address": "Statue of Liberty",
				"City": {
					"Name": "New York",
					"CountryRegion": "United States",
					"Region": "NY"
				}
			}
		},
		{
			"Age": 29,
			"FirstName": "Laurel",
			"LastName": "Osborn",
			"UserName": "laurelosborn",
			"Friends": [
				"georginabarlow",
				"marshallgaray",
				"ursulabright"
			],
			"BestFriend": "kristakemp",
			"HomeAddress": {
				"Address": "4059 Mt Lee Dr. Hollywood",
				"City": {
					"Name": "Los Angelos",
					"CountryRegion": "United States",
					"Region": "CA"
				}
			}
		},
		{
			"Age": 53,
			"FirstName": "Marshall",
			"LastName": "Garay",
			"UserName": "marshallgaray",
			"Friends": [
				"georginabarlow",
				"ursulabright"
			],
			"BestFriend": "ronaldmundy",
			"HomeAddress": {
				"Address": "87 Polk St. Suite 5",
				"City": {
					"Name": "San Francisco",
					"CountryRegion": "United States",
					"Region": "CA"
				}
			}
		},
		{
			"Age": 66,
			"FirstName": "Ronald",
			"LastName": "Mundy",
			"UserName": "ronaldmundy",
			"Friends": [
				"georginabarlow",
				"ursulabright"
			],
			"BestFriend": "marshallgaray",
			"HomeAddress": {
				"Address": "89 Chiaroscuro Rd.",
				"City": {
					"Name": "Portland",
					"CountryRegion": "United States",
					"Region": "OR"
				}
			}
		},
		{
			"Age": 51,
			"FirstName": "Russell",
			"LastName": "Whyte",
			"UserName": "russellwhyte",
			"Friends": [
				"georginabarlow",
				"marshallgaray",
				"ursulabright"
			],
			"BestFriend": "ryantheriault",
			"HomeAddress": {
				"Address": "Tony Stark Mansion, Point Dume",
				"City": {
					"Name": "Malibu",
					"CountryRegion": "United States",
					"Region": "CA"
				}
			}
		},
		{
			"Age": 57,
			"FirstName": "Ryan",
			"LastName": "Theriault",
			"UserName": "ryantheriault",
			"Friends": [
				"georginabarlow",
				"marshallgaray",
				"ursulabright"
			],
			"BestFriend": "russellwhyte",
			"HomeAddress": {
				"Address": "2311 N. Los Robles Ave. Apt 4A",
				"City": {
					"Name": "Pasadena",
					"CountryRegion": "United States",
					"Region": "CA"
				}
			}
		},
		{
			"Age": 34,
			"FirstName": "Sallie",
			"LastName": "Sampson",
			"UserName": "salliesampson",
			"Friends": [
				"georginabarlow",
				"marshallgaray",
				"ursulabright"
			],
			"BestFriend": "sandyosborn",
			"HomeAddress": {
				"Address": "87 Polk St. Suite 5",
				"City": {
					"Name": "San Francisco",
					"CountryRegion": "United States",
					"Region": "CA"
				}
			}
		},
		{
			"Age": 18,
			"FirstName": "Sandy",
			"LastName": "Osborn",
			"UserName": "sandyosborn",
			"Friends": [
				"georginabarlow",
				"marshallgaray",
				"ursulabright"
			],
			"BestFriend": "salliesampson",
			"HomeAddress": {
				"Address": "Grove Street, Ganton",
				"City": {
					"Name": "Los Santos",
					"CountryRegion": "United States",
					"Region": "CA"
				}
			}
		},
		{
			"Age": 24,
			"FirstName": "Scott",
			"LastName": "Ketchum",
			"UserName": "scottketchum",
			"Friends": [
				"georginabarlow",
				"marshallgaray"
			],
			"BestFriend": "ursulabright",
			"HomeAddress": {
				"Address": "Portola Drive, Rockford Hills",
				"City": {
					"Name": "Los Santos",
					"CountryRegion": "United States",
					"Region": "CA"
				}
			}
		},
		{
			"Age": 31,
			"FirstName": "Ursula",
			"LastName": "Bright",
			"UserName": "ursulabright",
			"Friends": [
				"georginabarlow",
				"marshallgaray"
			],
			"BestFriend": "scottketchum",
			"HomeAddress": {
				"Address": "First St. SE",
				"City": {
					"Name": "Washington",
					"CountryRegion": "United States",
					"Region": "DC"
				}
			}
		},
		{
			"Age": 40,
			"FirstName": "Vincent",
			"LastName": "Calabrese",
			"UserName": "vincentcalabrese",
			"Friends": [
				"georginabarlow",
				"marshallgaray",
				"ursulabright"
			],
			"BestFriend": "willieashmore",
			"HomeAddress": {
				"Address": "4 Privet Drive",
				"City": {
					"Name": "Little Whinging",
					"CountryRegion": "Great Britain",
					"Region": "SRY"
				}
			}
		},
		{
			"Age": 45,
			"FirstName": "Willie",
			"LastName": "Ashmore",
			"UserName": "willieashmore",
			"Friends": [
				"georginabarlow",
				"marshallgaray",
				"ursulabright"
			],
			"BestFriend": "vincentcalabrese",
			"HomeAddress": {
				"Address": "124 Conch St.",
				"City": {
					"Name": "Bikini Bottom",
					"CountryRegion": "Pacific Ocean",
					"Region": "N/D"
				}
			}
		}
	]
}